"Authors","Author full names","Author(s) ID","Title","Year","Source title","Volume","Issue","Art. No.","Page start","Page end","Page count","Cited by","DOI","Link","Document Type","Publication Stage","Open Access","Source","EID"
"Tchepemen N.; Balasubramanian S.; Kanagaraj N.; Kengne E.","Tchepemen, Nathan (57210451067); Balasubramanian, Sudharsan (55817606300); Kanagaraj, Nithyanandan (36246432800); Kengne, Emmanuel (8854043800)","57210451067; 55817606300; 36246432800; 8854043800","Modulational instability in a coupled nonlocal media with cubic, quintic and septimal nonlinearities","2023","Nonlinear Dynamics","111","21","","20311","20329","18","10","10.1007/s11071-023-08951-4","https://www.scopus.com/inward/record.uri?eid=2-s2.0-85173981139&doi=10.1007%2fs11071-023-08951-4&partnerID=40&md5=1a647451781a4b7b6f7bfab5e1f6f5d4","Article","Final","","Scopus","2-s2.0-85173981139"
"Peterka P.; Koška P.; Jasim A.A.; Kanagaraj N.; Aubrecht J.; Kamrádek M.; Podrazký O.; Todorov F.; Kašik I.; Honzátko P.","Peterka, Pavel (6602769922); Koška, Pavel (55644355900); Jasim, Ali A. (57212397480); Kanagaraj, Nithyanandan (36246432800); Aubrecht, Jan (22978680900); Kamrádek, Michal (55578827600); Podrazký, Ondřej (22981226900); Todorov, Filip (12345187800); Kašik, Ivan (7004504748); Honzátko, Pavel (6602116389)","6602769922; 55644355900; 57212397480; 36246432800; 22978680900; 55578827600; 22981226900; 12345187800; 7004504748; 6602116389","Enhanced pump absorption efficiency in coiled and twisted double-clad fibers for fiber lasers","2019","International Conference on Transparent Optical Networks","2019-July","","8840274","","","","2","10.1109/ICTON.2019.8840274","https://www.scopus.com/inward/record.uri?eid=2-s2.0-85073075373&doi=10.1109%2fICTON.2019.8840274&partnerID=40&md5=699ff9a3293fede0be28c289c8404a94","Conference paper","Final","","Scopus","2-s2.0-85073075373"
"Kanagaraj N.; Djevarhidjian L.; Duran V.; Schnebelin C.; De Chatellus H.G.","Kanagaraj, Nithyanandan (36246432800); Djevarhidjian, Leo (57202733578); Duran, Vicente (7004082718); Schnebelin, Come (56347323200); De Chatellus, Hugues Guillet (24072741200)","36246432800; 57202733578; 7004082718; 56347323200; 24072741200","Optimization of acousto-optic optical frequency combs","2019","Optics Express","27","10","","14842","14852","10","34","10.1364/OE.27.014842","https://www.scopus.com/inward/record.uri?eid=2-s2.0-85065831030&doi=10.1364%2fOE.27.014842&partnerID=40&md5=c783d95b5b9cf326a4bdfdf7b2d75bb5","Article","Final","All Open Access; Gold Open Access; Green Open Access","Scopus","2-s2.0-85065831030"
"Nithyanandan K.; Porsezian K.","Nithyanandan, K. (36246432800); Porsezian, K. (35561975500)","36246432800; 35561975500","Observation of two state behavior in the instability spectra of saturable nonlinear media","2013","European Physical Journal: Special Topics","222","3-4","","821","825","4","10","10.1140/epjst/e2013-01885-0","https://www.scopus.com/inward/record.uri?eid=2-s2.0-84880128551&doi=10.1140%2fepjst%2fe2013-01885-0&partnerID=40&md5=142acfb04edfe37b20fec9ac41e2df0d","Article","Final","","Scopus","2-s2.0-84880128551"
"Porsezian K.; Nithyanandan K.","Porsezian, Kuppuswamy (35561975500); Nithyanandan, K. (36246432800)","35561975500; 36246432800","A theoretical study on modulational instability in relaxing saturable nonlinear optical media","2017","Odyssey of Light in Nonlinear Optical Fibers: Theory and Applications","","","","97","132","35","0","10.1201/b19377-5","https://www.scopus.com/inward/record.uri?eid=2-s2.0-85140516252&doi=10.1201%2fb19377-5&partnerID=40&md5=5aa2fd1c6d66f70e3c996f1e9f31b228","Book chapter","Final","","Scopus","2-s2.0-85140516252"
"Krupa K.; Nithyanandan K.; Grelu P.","Krupa, Katarzyna (23467266100); Nithyanandan, K. (36246432800); Grelu, Philippe (6602757933)","23467266100; 36246432800; 6602757933","Vector dynamics of incoherent dissipative optical solitons","2017","Optica","4","10","302181","1239","1244","5","107","10.1364/OPTICA.4.001239","https://www.scopus.com/inward/record.uri?eid=2-s2.0-85032810605&doi=10.1364%2fOPTICA.4.001239&partnerID=40&md5=03687eac504cc977fe2f004e1d8cc1a4","Article","Final","All Open Access; Gold Open Access","Scopus","2-s2.0-85032810605"
"Jacob B.; Jegaraj J.R.; Kanagaraj N.","Jacob, Bharathy (60121650100); Jegaraj, John Rozario (60244489200); Kanagaraj, Nithyanandan (36246432800)","60121650100; 60244489200; 36246432800","An all-optical passive device based on wavelength-adaptive diffractive neural network for dynamic beam shaping","2026","Optics and Lasers in Engineering","201","","109703","","","","0","10.1016/j.optlaseng.2026.109703","https://www.scopus.com/inward/record.uri?eid=2-s2.0-105031456075&doi=10.1016%2fj.optlaseng.2026.109703&partnerID=40&md5=34a1faba0626dd998bc68c5d7a69e081","Article","Final","","Scopus","2-s2.0-105031456075"
"Kumar M.; Nithyanandan K.; Porsezian K.","Kumar, Monisha (57195633542); Nithyanandan, K. (36246432800); Porsezian, K. (35561975500)","57195633542; 36246432800; 35561975500","Influence of spatial delay on the modulational instability in a composite system with a controllable nonlinearity","2018","Physical Review E","97","6","062208","","","","7","10.1103/PhysRevE.97.062208","https://www.scopus.com/inward/record.uri?eid=2-s2.0-85048737928&doi=10.1103%2fPhysRevE.97.062208&partnerID=40&md5=15ff5634c78254452beea926914c8327","Article","Final","All Open Access; Green Open Access","Scopus","2-s2.0-85048737928"
"Devkar K.; Arunkumar S.; Bhakta T.; Bharadwaj S.R.; Kanagaraj N.; Ganapathy N.","Devkar, Krushna (59710141700); Arunkumar, S. (57939941400); Bhakta, Tithi (59710327300); Bharadwaj, Shrikant R. (7005948157); Kanagaraj, Nithyanandan (36246432800); Ganapathy, Nagarajan (58296234200)","59710141700; 57939941400; 59710327300; 7005948157; 36246432800; 58296234200","Explainable XceptionNet-Based Keratoconus Detection Using Infrared Images and Edge Computing","2025","IEEE Sensors Letters","9","1","6000404","","","","4","10.1109/LSENS.2024.3509503","https://www.scopus.com/inward/record.uri?eid=2-s2.0-105001172375&doi=10.1109%2fLSENS.2024.3509503&partnerID=40&md5=98e5cabed871bfe1a61e93a05e6388ce","Article","Final","","Scopus","2-s2.0-105001172375"
"Sharafali A.; Nithyanandan K.","Sharafali, A. (56367906600); Nithyanandan, K. (36246432800)","56367906600; 36246432800","Ultra-broadband continuum generation in silica based defective core photonic crystal fiber","2019","Optik","191","","","121","131","10","8","10.1016/j.ijleo.2019.06.014","https://www.scopus.com/inward/record.uri?eid=2-s2.0-85067082938&doi=10.1016%2fj.ijleo.2019.06.014&partnerID=40&md5=9bdf979f25fdc5184c7cc4a8aff746d5","Article","Final","All Open Access; Bronze Open Access","Scopus","2-s2.0-85067082938"
"Krupa K.; Nithyanandan K.; Andral U.; Tchofo-Dinda P.; Grelu P.","Krupa, Katarzyna (23467266100); Nithyanandan, K. (36246432800); Andral, Ugo (56826146800); Tchofo-Dinda, Patrice (6604078297); Grelu, Philippe (6602757933)","23467266100; 36246432800; 56826146800; 6604078297; 6602757933","Real-Time Observation of Internal Motion within Ultrafast Dissipative Optical Soliton Molecules","2017","Physical Review Letters","118","24","243901","","","","461","10.1103/PhysRevLett.118.243901","https://www.scopus.com/inward/record.uri?eid=2-s2.0-85020548295&doi=10.1103%2fPhysRevLett.118.243901&partnerID=40&md5=9fa917dce3363ac2aa7e2ce693c63c1d","Article","Final","All Open Access; Green Open Access","Scopus","2-s2.0-85020548295"
"Nithyanandan K.; Porsezian K.","Nithyanandan, K. (36246432800); Porsezian, K. (35561975500)","36246432800; 35561975500","A theoretical investigation on modulational instability in non-instantaneous saturable nonlinear media","2014","JSAP-OSA Joint Symposia, JSAP 2014","","","","","","","0","10.1364/jsap.2014.17p_c4_8","https://www.scopus.com/inward/record.uri?eid=2-s2.0-85085406338&doi=10.1364%2fjsap.2014.17p_c4_8&partnerID=40&md5=c1dfc1eed17bac627b2aeec9cd917240","Conference paper","Final","","Scopus","2-s2.0-85085406338"
"Nithyanandan K.; Raja R.V.J.; Porsezian K.","Nithyanandan, K. (36246432800); Raja, R. Vasantha Jayakantha (25637567000); Porsezian, K. (35561975500)","36246432800; 25637567000; 35561975500","Modulational instability in a twin-core fiber with the effect of saturable nonlinear response and coupling coefficient dispersion","2013","Physical Review A - Atomic, Molecular, and Optical Physics","87","4","043805","","","","51","10.1103/PhysRevA.87.043805","https://www.scopus.com/inward/record.uri?eid=2-s2.0-84876158917&doi=10.1103%2fPhysRevA.87.043805&partnerID=40&md5=8b2f325425009b4d356ff30d6c8ec626","Article","Final","","Scopus","2-s2.0-84876158917"
"Kanagaraj N.; Wang Z.; Coillet A.; Tchofo-Dinda P.; Grelu P.","Kanagaraj, Nithyanandan (36246432800); Wang, Zhiqiang (57212119488); Coillet, Aurélien (26530475400); Tchofo-Dinda, Patrice (6604078297); Grelu, Philippe (6602757933)","36246432800; 57212119488; 26530475400; 6604078297; 6602757933","Buildup of noise-like pulses in ultrafast fiber lasers","2019","2019 Conference on Lasers and Electro-Optics Europe and European Quantum Electronics Conference, CLEO/Europe-EQEC 2019","","","8872466","","","","1","10.1109/CLEOE-EQEC.2019.8872466","https://www.scopus.com/inward/record.uri?eid=2-s2.0-85074640667&doi=10.1109%2fCLEOE-EQEC.2019.8872466&partnerID=40&md5=fdb2090da8cde43eefc35254bdd8b655","Conference paper","Final","","Scopus","2-s2.0-85074640667"
"Theodosiou A.; Aubrecht J.; Kanagaraj N.; Peterka P.; Kalli K.; Kašík I.; Honzátko P.","Theodosiou, Antreas (56541357000); Aubrecht, Jan (22978680900); Kanagaraj, Nithyanandan (36246432800); Peterka, Pavel (6602769922); Kalli, Kyriacos (7004133189); Kašík, Ivan (7004504748); Honzátko, Pavel (6602116389)","56541357000; 22978680900; 36246432800; 6602769922; 7004133189; 7004504748; 6602116389","All-fiber mode-locked thulium doped fiber laser using a novel femtosecond laser inscribed 45° tilted fiber grating","2019","2019 Conference on Lasers and Electro-Optics Europe and European Quantum Electronics Conference, CLEO/Europe-EQEC 2019","","","8871737","","","","0","10.1109/CLEOE-EQEC.2019.8871737","https://www.scopus.com/inward/record.uri?eid=2-s2.0-85074645321&doi=10.1109%2fCLEOE-EQEC.2019.8871737&partnerID=40&md5=9f69cae57013e2d5c4cf2848fbb97f83","Conference paper","Final","All Open Access; Green Open Access","Scopus","2-s2.0-85074645321"
"Nithyanandan K.; Shafeeque Ali A.K.; Porsezian K.; Nishad M.P.M.; Tchofo Dinda P.; Grelu P.","Nithyanandan, K. (36246432800); Shafeeque Ali, A.K. (56401131700); Porsezian, K. (35561975500); Nishad, M.P.M. (57200690052); Tchofo Dinda, P. (6604078297); Grelu, Ph. (6602757933)","36246432800; 56401131700; 35561975500; 57200690052; 6604078297; 6602757933","Multistability and switching in oppositely-directed saturated coupler","2018","Optics Communications","416","","","145","151","6","11","10.1016/j.optcom.2018.01.055","https://www.scopus.com/inward/record.uri?eid=2-s2.0-85042193938&doi=10.1016%2fj.optcom.2018.01.055&partnerID=40&md5=8072a4ba62da0502aea53d14e3eb5744","Article","Final","","Scopus","2-s2.0-85042193938"
"Nithyanandan K.; Ali A.K.S.; Porsezian K.","Nithyanandan, K. (36246432800); Ali, Shafeeque (57852272500); Porsezian, K. (35561975500)","36246432800; 57852272500; 35561975500","A study on the Modulational Instability in delayed Saturable Nonlinear Optical Media","2016","Optics InfoBase Conference Papers","","","16p-C301-11","","","","0","","https://www.scopus.com/inward/record.uri?eid=2-s2.0-85136301404&partnerID=40&md5=6b8ae5adf23c1e5c92995484c84f113a","Conference paper","Final","","Scopus","2-s2.0-85136301404"
"Manna S.; Kanagaraj N.","Manna, Subrata (60102666300); Kanagaraj, Nithyanandan (36246432800)","60102666300; 36246432800","Experimental Observation of of Complex Dark-Bright Soliton Coexisting regimes in Mode-Locked Fiber Lasers","2025","2025 Conference on Lasers and Electro-Optics Europe and European Quantum Electronics Conference, CLEO/Europe-EQEC 2025","","","","","","","0","10.1109/CLEO/EUROPE-EQEC65582.2025.11111045","https://www.scopus.com/inward/record.uri?eid=2-s2.0-105016114059&doi=10.1109%2fCLEO%2fEUROPE-EQEC65582.2025.11111045&partnerID=40&md5=b7702ca011e751e38c7c6eaa7ea0a545","Conference paper","Final","","Scopus","2-s2.0-105016114059"
"Nithyanandan K.; Ali A.K.S.; Porsezian K.","Nithyanandan, K. (36246432800); Ali, A.K. Shafeeque (57213370286); Porsezian, K. (35561975500)","36246432800; 57213370286; 35561975500","Modulational instability in the semiconductor doped dispersion decreasing fiber - A prospect for ultrashort pulse generation","2014","Proceedings 12th International Conference on Fiber Optics and Photonics, Photonics 2014","","","","","","","0","","https://www.scopus.com/inward/record.uri?eid=2-s2.0-84983158423&partnerID=40&md5=cd9b23b2a22e5b8d228d5b39cbac16ce","Conference paper","Final","","Scopus","2-s2.0-84983158423"
"Musammil N.M.; Subha P.A.; Nithyanandan K.","Musammil, N.M. (55813729600); Subha, P.A. (15846997000); Nithyanandan, K. (36246432800)","55813729600; 15846997000; 36246432800","Black and gray soliton interactions and cascade compression in the variable coefficient nonlinear Schrödinger equation","2018","Optik","159","","","176","188","12","10","10.1016/j.ijleo.2018.01.082","https://www.scopus.com/inward/record.uri?eid=2-s2.0-85041405806&doi=10.1016%2fj.ijleo.2018.01.082&partnerID=40&md5=38605f10174038c2adc5edafa52e437f","Article","Final","","Scopus","2-s2.0-85041405806"
"Duran V.; De Chatellus H.G.; Schnebelin C.; Nithyanandan K.; Djevarhidjian L.; Clement J.; Fernandez-Pousa C.R.","Duran, Vicente (7004082718); De Chatellus, Hugues Guillet (24072741200); Schnebelin, Come (56347323200); Nithyanandan, Kanagaraj (36246432800); Djevarhidjian, Leo (57202733578); Clement, Juan (56941379000); Fernandez-Pousa, Carlos R. (6603683357)","7004082718; 24072741200; 56347323200; 36246432800; 57202733578; 56941379000; 6603683357","Optical Frequency Combs Generated by Acousto-Optic Frequency-Shifting Loops","2019","IEEE Photonics Technology Letters","31","23","8871215","1878","1881","3","31","10.1109/LPT.2019.2947655","https://www.scopus.com/inward/record.uri?eid=2-s2.0-85077227819&doi=10.1109%2fLPT.2019.2947655&partnerID=40&md5=9591bd96f19b38e9b596849b1ab9763b","Article","Final","","Scopus","2-s2.0-85077227819"
"Musammil N.M.; Subha P.A.; Nithyanandan K.","Musammil, N.M. (55813729600); Subha, P.A. (15846997000); Nithyanandan, K. (36246432800)","55813729600; 15846997000; 36246432800","Phase dynamics of inhomogeneous Manakov vector solitons","2019","Physical Review E","100","1","012213","","","","19","10.1103/PhysRevE.100.012213","https://www.scopus.com/inward/record.uri?eid=2-s2.0-85070094450&doi=10.1103%2fPhysRevE.100.012213&partnerID=40&md5=5b99c081dba8cd554aff886780307ad2","Article","Final","","Scopus","2-s2.0-85070094450"
"Bhuvaneswari S.; Nithyanandan K.; Muruganandam P.","Bhuvaneswari, S. (57217139806); Nithyanandan, K. (36246432800); Muruganandam, P. (6603283212)","57217139806; 36246432800; 6603283212","Spotlighting phase separation in Rashba spin-orbit coupled Bose-Einstein condensates in two dimensions","2018","Journal of Physics Communications","2","2","025008","","","","8","10.1088/2399-6528/aaa85e","https://www.scopus.com/inward/record.uri?eid=2-s2.0-85079281146&doi=10.1088%2f2399-6528%2faaa85e&partnerID=40&md5=9f768ce59dfe1e59154d6b567113ab85","Article","Final","All Open Access; Gold Open Access","Scopus","2-s2.0-85079281146"
"Kanagaraj N.; Theodosiou A.; Aubrecht J.; Peterka P.; Kamradek M.; Kalli K.; Kasik I.; Honzatko P.","Kanagaraj, Nithyanandan (36246432800); Theodosiou, Antreas (56541357000); Aubrecht, Jan (22978680900); Peterka, Pavel (6602769922); Kamradek, Michal (55578827600); Kalli, Kyriacos (7004133189); Kasik, Ivan (7004504748); Honzatko, Pavel (6602116389)","36246432800; 56541357000; 22978680900; 6602769922; 55578827600; 7004133189; 7004504748; 6602116389","All fiber mode-locked thulium-doped fiber laser using a novel femtosecond-laser-inscribed 45°-plane-by-plane-tilted fiber grating","2019","Laser Physics Letters","16","9","095104","","","","19","10.1088/1612-202X/ab39db","https://www.scopus.com/inward/record.uri?eid=2-s2.0-85075800902&doi=10.1088%2f1612-202X%2fab39db&partnerID=40&md5=bcfc9eec9f0a86fca5b4a2b09e63574a","Article","Final","All Open Access; Green Open Access","Scopus","2-s2.0-85075800902"
"Nithyanandan K.; Vasantha Jayakantha Raja R.; Porsezian K.","Nithyanandan, K. (36246432800); Vasantha Jayakantha Raja, R. (25637567000); Porsezian, K. (35561975500)","36246432800; 25637567000; 35561975500","Power play in the supercontinuum spectra of saturable nonlinear media","2014","Laser Physics","24","4","045405","","","","9","10.1088/1054-660X/24/4/045405","https://www.scopus.com/inward/record.uri?eid=2-s2.0-84898949137&doi=10.1088%2f1054-660X%2f24%2f4%2f045405&partnerID=40&md5=d420e4cda7d189ccc19bfdbf9a87da6c","Article","Final","","Scopus","2-s2.0-84898949137"
"Jose A.; Nithyanandan K.","Jose, Amala (57887456500); Nithyanandan, K. (36246432800)","57887456500; 36246432800","Impact of cavity dispersion on the Noise-like pulse generated supercontinuum","2022","Optics InfoBase Conference Papers","","","JW5A.76","","","","0","","https://www.scopus.com/inward/record.uri?eid=2-s2.0-85146769174&partnerID=40&md5=92e1da89b16e8bd463a8545a27961904","Conference paper","Final","","Scopus","2-s2.0-85146769174"
"Jose A.; Guasoni M.; Coillet A.; Dinda P.T.; Grelu P.; Nithyanandan K.","Jose, Amala (57887456500); Guasoni, Massimiliano (25649404500); Coillet, Aurelien (26530475400); Dinda, Patrice Tchofo (6604078297); Grelu, Philippe (6602757933); Nithyanandan, K. (36246432800)","57887456500; 25649404500; 26530475400; 6604078297; 6602757933; 36246432800","Towards a broadband gain-flattened thulium doped fiber amplifier","2025","Optics Communications","578","","131452","","","","4","10.1016/j.optcom.2024.131452","https://www.scopus.com/inward/record.uri?eid=2-s2.0-85214335805&doi=10.1016%2fj.optcom.2024.131452&partnerID=40&md5=eb3891e2ae59b61631b4d1c779148545","Article","Final","","Scopus","2-s2.0-85214335805"
"Sharafali A.; Nithyanandan K.","Sharafali, A. (56367906600); Nithyanandan, K. (36246432800)","56367906600; 36246432800","A theoretical study on the supercontinuum generation in a novel suspended liquid core photonic crystal fiber","2020","Applied Physics B: Lasers and Optics","126","4","55","","","","22","10.1007/s00340-020-7403-9","https://www.scopus.com/inward/record.uri?eid=2-s2.0-85081118747&doi=10.1007%2fs00340-020-7403-9&partnerID=40&md5=0e7b05198d509b8bd2bcea05637bcf09","Article","Final","All Open Access; Green Open Access","Scopus","2-s2.0-85081118747"
"Uthayakumar T.; Raja V.J.R.; Nithyanandan K.; Porsezian K.","Uthayakumar, T. (35362713600); Raja, Vasantha Jayakantha R. (25637567000); Nithyanandan, K. (36246432800); Porsezian, K. (35561975500)","35362713600; 25637567000; 36246432800; 35561975500","Investigation of all optical pulse steering through a highly nonlinear chalcogenide twin core photonic crystal fiber","2013","2013 International Conference on Microwave and Photonics, ICMAP 2013","","","6733549","","","","3","10.1109/ICMAP.2013.6733549","https://www.scopus.com/inward/record.uri?eid=2-s2.0-84897772765&doi=10.1109%2fICMAP.2013.6733549&partnerID=40&md5=130b5ccee6dcebf653a443e761a91677","Conference paper","Final","","Scopus","2-s2.0-84897772765"
"Jose A.; Chowdhury S.D.; Balasubramanian S.; Krupa K.; Wang Z.; Upadhyay B.N.; Grelu P.; Kanagaraj N.","Jose, Amala (57887456500); Chowdhury, Sourav Das (56513150800); Balasubramanian, Sudharsan (55817606300); Krupa, Katarzyna (23467266100); Wang, Zhiqiang (57212119488); Upadhyay, B.N. (7005524118); Grelu, Philippe (6602757933); Kanagaraj, Nithyanandan (36246432800)","57887456500; 56513150800; 55817606300; 23467266100; 57212119488; 7005524118; 6602757933; 36246432800","Noise-Like Pulse Seeded Supercontinuum Generation: An In-Depth Review For High-Energy Flat Broadband Sources","2025","Laser and Photonics Reviews","19","5","2400511","","","","22","10.1002/lpor.202400511","https://www.scopus.com/inward/record.uri?eid=2-s2.0-85208059231&doi=10.1002%2flpor.202400511&partnerID=40&md5=030577aa6fb652d9f266154cd98122df","Review","Final","All Open Access; Green Open Access; Hybrid Gold Open Access","Scopus","2-s2.0-85208059231"
"Nithyanandan K.","Nithyanandan, K. (36246432800)","36246432800","Soliton physics in India: A tribute to the late K. Porsezian","2024","Optics Communications","553","","130078","","","","4","10.1016/j.optcom.2023.130078","https://www.scopus.com/inward/record.uri?eid=2-s2.0-85177054514&doi=10.1016%2fj.optcom.2023.130078&partnerID=40&md5=19b26384e00611929115113483bc34f1","Article","Final","","Scopus","2-s2.0-85177054514"
"Kanagaraj N.; Wang Z.; Coillet A.; Tchofo-Dinda P.; Grelu P.","Kanagaraj, Nithyanandan (36246432800); Wang, Zhiqiang (57212119488); Coillet, Aurélien (26530475400); Tchofo-Dinda, Patrice (6604078297); Grelu, Philippe (6602757933)","36246432800; 57212119488; 26530475400; 6604078297; 6602757933","Buildup of noise-like pulses in ultrafast fiber lasers","2019","Optics InfoBase Conference Papers","Part F143-EQEC 2019","","2019-ef_9_3","","","","0","","https://www.scopus.com/inward/record.uri?eid=2-s2.0-85084557411&partnerID=40&md5=7c9d8186f93dfff02b3c88157a57e0db","Conference paper","Final","","Scopus","2-s2.0-85084557411"
"Nithyanandan K.; Djevarhidjian L.; Duran V.; Schnébelin C.; De Chatellus H.G.","Nithyanandan, K. (36246432800); Djevarhidjian, L. (57202733578); Duran, V. (7004082718); Schnébelin, C. (56347323200); De Chatellus, H. Guillet (24072741200)","36246432800; 57202733578; 7004082718; 56347323200; 24072741200","Optimization of acousto-optic frequency combs","2019","2019 Conference on Lasers and Electro-Optics Europe and European Quantum Electronics Conference, CLEO/Europe-EQEC 2019","","","8871928","","","","0","10.1109/CLEOE-EQEC.2019.8871928","https://www.scopus.com/inward/record.uri?eid=2-s2.0-85074673215&doi=10.1109%2fCLEOE-EQEC.2019.8871928&partnerID=40&md5=6ed98ddd18c023de340f2b12b1bca17f","Conference paper","Final","","Scopus","2-s2.0-85074673215"
"Raja R.V.J.; Nithyanandan K.; Uthayakumar T.; Porsezian K.","Raja, R. Vasantha Jayakantha (25637567000); Nithyanandan, K. (36246432800); Uthayakumar, T. (35362713600); Porsezian, K. (35561975500)","25637567000; 36246432800; 35362713600; 35561975500","Supercontinuum generation in the novel semiconductor doped dispersion decreasing fiber","2014","WRAP 2013 - Workshop on Recent Advances in Photonics","","","6917696","","","","0","10.1109/WRAP.2013.6917696","https://www.scopus.com/inward/record.uri?eid=2-s2.0-84910025500&doi=10.1109%2fWRAP.2013.6917696&partnerID=40&md5=10f591595128fa6e1e61f779c334a357","Conference paper","Final","","Scopus","2-s2.0-84910025500"
"Igbonacho J.; Nithyanandan K.; Krupa K.; Dinda P.T.; Grelu P.; Moubissi A.B.","Igbonacho, J. (57202317976); Nithyanandan, K. (36246432800); Krupa, K. (23467266100); Dinda, P. Tchofo (6604078297); Grelu, P. (6602757933); Moubissi, A.B. (6603251331)","57202317976; 36246432800; 23467266100; 6604078297; 6602757933; 6603251331","Dynamics of distorted and undistorted soliton molecules in a mode-locked fiber laser","2019","Physical Review A","99","6","063824","","","","46","10.1103/PhysRevA.99.063824","https://www.scopus.com/inward/record.uri?eid=2-s2.0-85068261215&doi=10.1103%2fPhysRevA.99.063824&partnerID=40&md5=77f1d9c3a37e686133d662d2526d421f","Article","Final","All Open Access; Green Open Access","Scopus","2-s2.0-85068261215"
"Nithyanandan K.; Djevarhidjian L.; Duran Bosch V.; Schnébelin C.; Kassi S.; Méjean G.; Romanini D.; Guillet De Chatellus H.","Nithyanandan, K. (36246432800); Djevarhidjian, L. (57202733578); Duran Bosch, V. (7004082718); Schnébelin, C. (56347323200); Kassi, S. (6602332937); Méjean, G. (6602982434); Romanini, D. (7004166308); Guillet De Chatellus, H. (24072741200)","36246432800; 57202733578; 7004082718; 56347323200; 6602332937; 6602982434; 7004166308; 24072741200","Optimization of acousto-optic frequency combs for multi-heterodyne spectroscopy","2018","Optics InfoBase Conference Papers","Part F115-LS 2018","","","","","","0","10.1364/LS.2018.LTh1F.3","https://www.scopus.com/inward/record.uri?eid=2-s2.0-85059469953&doi=10.1364%2fLS.2018.LTh1F.3&partnerID=40&md5=92d4ac8ada6ac69fbe9b4e3e9f64d665","Conference paper","Final","","Scopus","2-s2.0-85059469953"
"Shafeeque Ali A.K.; Nithyanandan K.; Porsezian K.; Dinda P.T.","Shafeeque Ali, A.K. (56401131700); Nithyanandan, K. (36246432800); Porsezian, K. (35561975500); Dinda, P. Tchofo (6604078297)","56401131700; 36246432800; 35561975500; 6604078297","Optical Bistability and Switching in Oppositely Directed Coupler","2016","IEEE Journal of Quantum Electronics","52","12","7587375","","","","8","10.1109/JQE.2016.2616130","https://www.scopus.com/inward/record.uri?eid=2-s2.0-84994824096&doi=10.1109%2fJQE.2016.2616130&partnerID=40&md5=9c55923b46e58ed189ee346f37f9e9ab","Article","Final","","Scopus","2-s2.0-84994824096"
"Shafeeque Ali A.K.; Nithyanandan K.; Porsezian K.","Shafeeque Ali, A.K. (56401131700); Nithyanandan, K. (36246432800); Porsezian, K. (35561975500)","56401131700; 36246432800; 35561975500","Theoretical investigation of modulation instability in a three-core coupler with negative index material channel","2015","Physics Letters, Section A: General, Atomic and Solid State Physics","379","3","","223","229","6","31","10.1016/j.physleta.2014.11.023","https://www.scopus.com/inward/record.uri?eid=2-s2.0-84913593337&doi=10.1016%2fj.physleta.2014.11.023&partnerID=40&md5=fe2ce161ab6e77237d8c6b9d124ebb26","Article","Final","","Scopus","2-s2.0-84913593337"
"Sharafali A.; Nithyanandan K.; Porsezian K.","Sharafali, A. (56367906600); Nithyanandan, K. (36246432800); Porsezian, K. (35561975500)","56367906600; 36246432800; 35561975500","Self-similar pulse compression by defective core photonic crystal fiber with cubic–quintic nonlinearities","2019","Optik","178","","","591","601","10","11","10.1016/j.ijleo.2018.09.183","https://www.scopus.com/inward/record.uri?eid=2-s2.0-85054797149&doi=10.1016%2fj.ijleo.2018.09.183&partnerID=40&md5=0e981bce59b2880c76ea1f7f73d01c30","Article","Final","","Scopus","2-s2.0-85054797149"
"Uthayakumar T.; Raja R.V.J.; Nithyanandan K.; Porsezian K.","Uthayakumar, T. (35362713600); Raja, R. Vasantha Jayakantha (25637567000); Nithyanandan, K. (36246432800); Porsezian, K. (35561975500)","35362713600; 25637567000; 36246432800; 35561975500","All optical and and NAND logic gates based on a triple core photonic crystal fiber","2013","AIP Conference Proceedings","1536","","","715","716","1","0","10.1063/1.4810427","https://www.scopus.com/inward/record.uri?eid=2-s2.0-84880093628&doi=10.1063%2f1.4810427&partnerID=40&md5=2bceae813be3921d28fe0551f5ca21c1","Conference paper","Final","All Open Access; Bronze Open Access","Scopus","2-s2.0-84880093628"
"Nithyanandan K.; Sharafali A.; Peterka P.","Nithyanandan, K. (36246432800); Sharafali, A. (56367906600); Peterka, P. (6602769922)","36246432800; 56367906600; 6602769922","A theoretical study on the continuum generation in a defective core photonic crystal fiber","2019","Optics InfoBase Conference Papers","Part F139-ASSL 2019","","JTh3A.48","","","","0","10.1364/ASSL.2019.JTh3A.48","https://www.scopus.com/inward/record.uri?eid=2-s2.0-85084557249&doi=10.1364%2fASSL.2019.JTh3A.48&partnerID=40&md5=93127f54deeef3698bd1e2d7c3efde37","Conference paper","Final","","Scopus","2-s2.0-85084557249"
"Nithyanandan K.; Sharafali A.; Peterka P.","Nithyanandan, K. (36246432800); Sharafali, A. (56367906600); Peterka, P. (6602769922)","36246432800; 56367906600; 6602769922","A theoretical study on the continuum generation in a defective core photonic crystal fiber","2019","Advanced Solid State Lasers - Proceedings Laser Congress 2019 (ASSL, LAC, LS and C)","","","","","","","0","","https://www.scopus.com/inward/record.uri?eid=2-s2.0-85086287919&partnerID=40&md5=af2bf11a2fc4e57ce24bd19555850edd","Conference paper","Final","","Scopus","2-s2.0-85086287919"
"Theodosiou A.; Aubrecht J.; Kanagaraj N.; Peterka P.; Honzátko P.; Stassis A.; Kalli K.","Theodosiou, Antreas (56541357000); Aubrecht, Jan (22978680900); Kanagaraj, Nithyanandan (36246432800); Peterka, Pavel (6602769922); Honzátko, Pavel (6602116389); Stassis, Andreas (8352135400); Kalli, Kyriacos (7004133189)","56541357000; 22978680900; 36246432800; 6602769922; 6602116389; 8352135400; 7004133189","Femtosecond laser inscribed gratings for monolithic MIR fiber lasers","2019","Proceedings of SPIE - The International Society for Optical Engineering","11206","","112060L","","","","0","10.1117/12.2548293","https://www.scopus.com/inward/record.uri?eid=2-s2.0-85124513636&doi=10.1117%2f12.2548293&partnerID=40&md5=eb2d03b20d7f2798827fea40700575e0","Conference paper","Final","","Scopus","2-s2.0-85124513636"
"Musammil N.M.; Porsezian K.; Subha P.A.; Nithyanandan K.","Musammil, N.M. (55813729600); Porsezian, K. (35561975500); Subha, P.A. (15846997000); Nithyanandan, K. (36246432800)","55813729600; 35561975500; 15846997000; 36246432800","Dynamics of vector dark solitons propagation and tunneling effect in the variable coefficient coupled nonlinear schrödinger equation","2017","Chaos","27","2","023113","","","","14","10.1063/1.4976514","https://www.scopus.com/inward/record.uri?eid=2-s2.0-85013877667&doi=10.1063%2f1.4976514&partnerID=40&md5=997833bd33e5dfcd55f0cf9f131a0bb4","Article","Final","","Scopus","2-s2.0-85013877667"
"Theodosiou A.; Aubrecht J.; Kanagaraj N.; Peterka P.; Kasik I.; Honzatko P.; Stassis A.; Kalli K.","Theodosiou, Antreas (56541357000); Aubrecht, Jan (22978680900); Kanagaraj, Nithyanandan (36246432800); Peterka, Pavel (6602769922); Kasik, Ivan (7004504748); Honzatko, Pavel (6602116389); Stassis, Andreas (8352135400); Kalli, Kyriacos (7004133189)","56541357000; 22978680900; 36246432800; 6602769922; 7004504748; 6602116389; 8352135400; 7004133189","Monolithic fibre lasers developed using the plane-by-plane femtosecond laser inscription method","2019","2019 SBMO/IEEE MTT-S International Microwave and Optoelectronics Conference, IMOC 2019","2019-January","","9317643","","","","0","10.1109/IMOC43827.2019.9317643","https://www.scopus.com/inward/record.uri?eid=2-s2.0-85104269278&doi=10.1109%2fIMOC43827.2019.9317643&partnerID=40&md5=734bca2331b5875f055225e2cc3559bf","Conference paper","Final","All Open Access; Green Open Access","Scopus","2-s2.0-85104269278"
"Nithyanandan K.; Shafeeque Ali A.K.; Porsezian K.","Nithyanandan, K. (36246432800); Shafeeque Ali, A.K. (56401131700); Porsezian, K. (35561975500)","36246432800; 56401131700; 35561975500","Modulational instability in the semiconductor doped dispersion decreasing fiber - a prospect for ultrashort pulse generation","2014","International Conference on Fibre Optics and Photonics, 2014","","","","","","","0","","https://www.scopus.com/inward/record.uri?eid=2-s2.0-85118318230&partnerID=40&md5=97457dd7ae722a592cff1f71e4651b0d","Conference paper","Final","","Scopus","2-s2.0-85118318230"
"Billault V.; Crozatier V.; Baili G.; Morvan L.; Dolfi D.; Kanagaraj N.; De Chatellus H.G.","Billault, Vincent (57210618430); Crozatier, Vincent (9244351000); Baili, Ghaya (11839795600); Morvan, Loic (12793307600); Dolfi, Daniel (7007017942); Kanagaraj, Nithyanadan (36246432800); De Chatellus, Hugues Guillet (24072741200)","57210618430; 9244351000; 11839795600; 12793307600; 7007017942; 36246432800; 24072741200","Phase Noise of Optical Pulse Trains Generated by Talbot Effect in Frequency Shifting Loops","2021","Journal of Lightwave Technology","39","8","9325511","2336","2347","11","11","10.1109/JLT.2021.3052041","https://www.scopus.com/inward/record.uri?eid=2-s2.0-85099732482&doi=10.1109%2fJLT.2021.3052041&partnerID=40&md5=35951bb65d6fabf89c74c68db1e0f230","Article","Final","All Open Access; Green Open Access","Scopus","2-s2.0-85099732482"
"Duran Bosch V.; Djevarhidjian L.; Schnébelin C.; Nithyanandan K.; Kassi S.; Méjean G.; Romanini D.; Guillet de Chatellus H.","Duran Bosch, V. (7004082718); Djevarhidjian, L. (57202733578); Schnébelin, C. (56347323200); Nithyanandan, K. (36246432800); Kassi, S. (6602332937); Méjean, G. (6602982434); Romanini, D. (7004166308); Guillet de Chatellus, H. (24072741200)","7004082718; 57202733578; 56347323200; 36246432800; 6602332937; 6602982434; 7004166308; 24072741200","Self-heterodyne and dual-comb spectroscopy using acoustooptic frequency combs","2018","Optics InfoBase Conference Papers","Part F92-CLEO_AT 2018","","","","","2","0","10.1364/CLEO_AT.2018.ATh3O.4","https://www.scopus.com/inward/record.uri?eid=2-s2.0-85049152724&doi=10.1364%2fCLEO_AT.2018.ATh3O.4&partnerID=40&md5=3e9de44a072bbf24703c62f8c8a48071","Conference paper","Final","","Scopus","2-s2.0-85049152724"
"Kumar M.; Kanagaraj N.","Kumar, Mukesh (58422316900); Kanagaraj, Nithyanandan (36246432800)","58422316900; 36246432800","Effects on beam quality due to misalignment errors in beam combination systems","2026","Optics and Laser Technology","194","","114415","","","","0","10.1016/j.optlastec.2025.114415","https://www.scopus.com/inward/record.uri?eid=2-s2.0-105023951243&doi=10.1016%2fj.optlastec.2025.114415&partnerID=40&md5=bea7e44e782035ef7c1e079f7fd11efc","Article","Final","","Scopus","2-s2.0-105023951243"
"Wang Z.; Jiang Q.; Kanagaraj N.; Yu B.; Zhang Z.","Wang, Zhiqiang (57212119488); Jiang, Qi (57210163977); Kanagaraj, Nithyanandan (36246432800); Yu, Benli (7402092764); Zhang, Zuxing (14520065300)","57212119488; 57210163977; 36246432800; 7402092764; 14520065300","Spotlighting the Simultaneous Formation of Coherent and Incoherent Dissipative Solitons in an Er-Doped Bidirectional Ultrafast Fiber Laser","2022","Physical Review Applied","18","6","064096","","","","4","10.1103/PhysRevApplied.18.064096","https://www.scopus.com/inward/record.uri?eid=2-s2.0-85146111646&doi=10.1103%2fPhysRevApplied.18.064096&partnerID=40&md5=1890058f9cd4dbb5a67e0e50088a8774","Article","Final","","Scopus","2-s2.0-85146111646"
"Nithyanandan K.; Porsezian K.","Nithyanandan, K. (36246432800); Porsezian, K. (35561975500)","36246432800; 35561975500","A novel power play in the supercontinuum generation induced by modulational instability in saturable nonlinear media","2016","Optics InfoBase Conference Papers","","","","","","3","0","10.1364/sof.2016.sow3g.6","https://www.scopus.com/inward/record.uri?eid=2-s2.0-85088409509&doi=10.1364%2fsof.2016.sow3g.6&partnerID=40&md5=27b495be62cad7c953f1c38559dce9cb","Conference paper","Final","","Scopus","2-s2.0-85088409509"
"Wang Z.; Nithyanandan K.; Coillet A.; Tchofo-Dinda P.; Grelu P.","Wang, Zhiqiang (57212119488); Nithyanandan, K. (36246432800); Coillet, Aurélien (26530475400); Tchofo-Dinda, Patrice (6604078297); Grelu, Philippe (6602757933)","57212119488; 36246432800; 26530475400; 6604078297; 6602757933","Buildup of incoherent dissipative solitons in ultrafast fiber lasers","2020","Physical Review Research","2","1","013101","","","","48","10.1103/PhysRevResearch.2.013101","https://www.scopus.com/inward/record.uri?eid=2-s2.0-85098068258&doi=10.1103%2fPhysRevResearch.2.013101&partnerID=40&md5=548b152f7d36745b3739f778a432fe69","Article","Final","All Open Access; Gold Open Access; Green Open Access","Scopus","2-s2.0-85098068258"
"Bhuvaneswari S.; Nithyanandan K.; Muruganandam P.; Porsezian K.","Bhuvaneswari, S. (57217139806); Nithyanandan, K. (36246432800); Muruganandam, P. (6603283212); Porsezian, K. (35561975500)","57217139806; 36246432800; 6603283212; 35561975500","Modulation instability in quasi-two-dimensional spin-orbit coupled Bose-Einstein condensates","2016","Journal of Physics B: Atomic, Molecular and Optical Physics","49","24","245301","","","","31","10.1088/0953-4075/49/24/245301","https://www.scopus.com/inward/record.uri?eid=2-s2.0-85003454655&doi=10.1088%2f0953-4075%2f49%2f24%2f245301&partnerID=40&md5=ec23fcd0f631917d118f818fc01e3c44","Article","Final","All Open Access; Green Open Access","Scopus","2-s2.0-85003454655"
"Nithyanandan K.; Raja V.J.; Uthayakumar T.; Porsezian K.","Nithyanandan, K. (36246432800); Raja, Vasantha Jayakantha (25637567000); Uthayakumar, T. (35362713600); Porsezian, K. (35561975500)","36246432800; 25637567000; 35362713600; 35561975500","Impact of material absorption on supercontinuum generation in liquid core photonic crystal fiber","2013","AIP Conference Proceedings","1536","","","713","714","1","0","10.1063/1.4810426","https://www.scopus.com/inward/record.uri?eid=2-s2.0-84880104142&doi=10.1063%2f1.4810426&partnerID=40&md5=238c07a40e7513149276b6c6a95cab88","Conference paper","Final","","Scopus","2-s2.0-84880104142"
"Mohamed M.I.; Jose A.; Coillet A.; Dinda P.T.; Kanagaraj N.; Grelu P.","Mohamed, Mostafa I. (59366665000); Jose, Amala (57887456500); Coillet, Aurélien (26530475400); Dinda, Patrice Tchofo (6604078297); Kanagaraj, Nithyanandan (36246432800); Grelu, Philippe (6602757933)","59366665000; 57887456500; 26530475400; 6604078297; 36246432800; 6602757933","Highly dispersive energy-managed soliton fiber laser","2025","Optics letters","50","19","","6101","6104","3","1","10.1364/OL.574002","https://www.scopus.com/inward/record.uri?eid=2-s2.0-105017700082&doi=10.1364%2fOL.574002&partnerID=40&md5=b40a82174a315c0f3a43e7a465f0ea75","Article","Final","","Scopus","2-s2.0-105017700082"
"Moubissi A.-B.; Ekogo T.B.; Moussambi Membetsi Z.H.; Nithyanandan K.; Nse Biyoghé S.","Moubissi, A.-B. (6603251331); Ekogo, Th. B. (25621281200); Moussambi Membetsi, Z.H. (57208643222); Nithyanandan, K. (36246432800); Nse Biyoghé, S. (57195312191)","6603251331; 25621281200; 57208643222; 36246432800; 57195312191","Energy diagram and stability range of families of soliton molecules in fibers","2019","Optical and Quantum Electronics","51","5","160","","","","3","10.1007/s11082-019-1855-3","https://www.scopus.com/inward/record.uri?eid=2-s2.0-85065396508&doi=10.1007%2fs11082-019-1855-3&partnerID=40&md5=2c5443a15e6b785f208a1cda156dda2b","Article","Final","","Scopus","2-s2.0-85065396508"
"Shafeeque Ali A.K.; Nithyanandan K.; Porsezian K.; Maimistov A.I.","Shafeeque Ali, A.K. (56401131700); Nithyanandan, K. (36246432800); Porsezian, K. (35561975500); Maimistov, Andrei I. (7004367032)","56401131700; 36246432800; 35561975500; 7004367032","Influence of birefringence in the instability spectra of oppositely directed coupler with negative index material channel","2016","Physical Review A","93","2","023848","","","","22","10.1103/PhysRevA.93.023848","https://www.scopus.com/inward/record.uri?eid=2-s2.0-84959471966&doi=10.1103%2fPhysRevA.93.023848&partnerID=40&md5=69ddfd0d36e35bcbb8592386700434e6","Article","Final","","Scopus","2-s2.0-84959471966"
"Nithyanandan K.; Porsezian K.","Nithyanandan, K. (36246432800); Porsezian, K. (35561975500)","36246432800; 35561975500","A unique observation of power play in the instability induced supercontinuum generation in saturable nonlinear media","2015","Proceedings of Frontiers in Optics 2015, FIO 2015","","","","","","","0","10.1364/fio.2015.jw2a.51","https://www.scopus.com/inward/record.uri?eid=2-s2.0-85086950890&doi=10.1364%2ffio.2015.jw2a.51&partnerID=40&md5=d2c519b680d39620ac1372c52246ad6e","Conference paper","Final","","Scopus","2-s2.0-85086950890"
"Musammil N.M.; Porsezian K.; Nithyanandan K.; Subha P.A.; Tchofo Dinda P.","Musammil, N.M. (55813729600); Porsezian, K. (35561975500); Nithyanandan, K. (36246432800); Subha, P.A. (15846997000); Tchofo Dinda, P. (6604078297)","55813729600; 35561975500; 36246432800; 15846997000; 6604078297","Ultrashort dark solitons interactions and nonlinear tunneling in the modified nonlinear Schrödinger equation with variable coefficient","2017","Optical Fiber Technology","37","","","11","20","9","22","10.1016/j.yofte.2017.06.006","https://www.scopus.com/inward/record.uri?eid=2-s2.0-85021171224&doi=10.1016%2fj.yofte.2017.06.006&partnerID=40&md5=99312e4cc0656d3ffde54e8b615afb14","Article","Final","","Scopus","2-s2.0-85021171224"
"Igbonacho J.; Nithyanandan K.; Krupa K.; Tchofo Dinda P.; Grelu P.","Igbonacho, J. (57202317976); Nithyanandan, K. (36246432800); Krupa, K. (23467266100); Tchofo Dinda, P. (6604078297); Grelu, P. (6602757933)","57202317976; 36246432800; 23467266100; 6604078297; 6602757933","Vibrations and oscillations of tri-soliton molecules in a mode-locked fiber laser","2018","Optics InfoBase Conference Papers","Part F108-NP 2018","","","","","2","0","10.1364/NP.2018.NpW2C.5","https://www.scopus.com/inward/record.uri?eid=2-s2.0-85051280743&doi=10.1364%2fNP.2018.NpW2C.5&partnerID=40&md5=e378aa9ce682fe721c6bf7561b7b635f","Conference paper","Final","","Scopus","2-s2.0-85051280743"
"Kanagaraj N.; Wang Z.; Coillet A.; Tchofo-Dinda P.; Grelu P.","Kanagaraj, Nithyanandan (36246432800); Wang, Zhiqiang (57212119488); Coillet, Aurélien (26530475400); Tchofo-Dinda, Patrice (6604078297); Grelu, Philippe (6602757933)","36246432800; 57212119488; 26530475400; 6604078297; 6602757933","Optical soliton molecular complexes in ultrafast fiber lasers","2019","Optics InfoBase Conference Papers","Part F143-EQEC 2019","","2019-ef_6_1","","","","0","","https://www.scopus.com/inward/record.uri?eid=2-s2.0-85084532293&partnerID=40&md5=04a9e224bbd255e0f3c309fad5e88334","Conference paper","Final","","Scopus","2-s2.0-85084532293"
"Nithyanandan K.; Porsezian K.","Nithyanandan, K. (36246432800); Porsezian, K. (35561975500)","36246432800; 35561975500","Influence of the functional form of nonlinearity in the Modulational Instability spectra of relaxing saturable nonlinear system","2015","Journal of Physics: Conference Series","605","1","012032","","","","1","10.1088/1742-6596/605/1/012032","https://www.scopus.com/inward/record.uri?eid=2-s2.0-84929494328&doi=10.1088%2f1742-6596%2f605%2f1%2f012032&partnerID=40&md5=ddb1e77ae5315ca7c60ace2a7a228261","Conference paper","Final","All Open Access; Gold Open Access","Scopus","2-s2.0-84929494328"
"Nithyanandan K.","Nithyanandan, K. (36246432800)","36246432800","Optical bistability in dual core directional coupler with negative index material channel","2017","Optics InfoBase Conference Papers","Part F66-FiO 2017","","","","","2","0","10.1364/FIO.2017.JW4A.123","https://www.scopus.com/inward/record.uri?eid=2-s2.0-85035136389&doi=10.1364%2fFIO.2017.JW4A.123&partnerID=40&md5=3b099baf5fb23d349667988d2ae7cfea","Conference paper","Final","","Scopus","2-s2.0-85035136389"
"Nithyanandan K.","Nithyanandan, K. (36246432800)","36246432800","Observation of optical bistability in oppositely directed coupler","2017","Optics InfoBase Conference Papers","Part F78-JSAP 2017","","","","","1","0","","https://www.scopus.com/inward/record.uri?eid=2-s2.0-85039557372&partnerID=40&md5=228991220de8ec4fee04f132d01a5924","Conference paper","Final","","Scopus","2-s2.0-85039557372"
"Mamatha K.L.; Stalin S.; Nithyanandan K.","Mamatha, K.L. (60521477100); Stalin, S. (51665925800); Nithyanandan, K. (36246432800)","60521477100; 51665925800; 36246432800","Propagation of Gaussian beam in strongly nonlocal nonlinear media with inhomogeneous diffraction","2026","Physics Letters, Section A: General, Atomic and Solid State Physics","583","","131602","","","","0","10.1016/j.physleta.2026.131602","https://www.scopus.com/inward/record.uri?eid=2-s2.0-105033656635&doi=10.1016%2fj.physleta.2026.131602&partnerID=40&md5=c1fd766fbbac0786583c0569f5a630ee","Article","Final","","Scopus","2-s2.0-105033656635"
"Grabner M.; Nithyanandan K.; Peterka P.; Koska P.; Jasim A.A.; Honzatko P.","Grabner, Martin (16024255800); Nithyanandan, Kanagaraj (36246432800); Peterka, Pavel (6602769922); Koska, Pavel (55644355900); Jasim, Ali. A. (57212397480); Honzatko, Pavel (6602116389)","16024255800; 36246432800; 6602769922; 55644355900; 57212397480; 6602116389","Simulations of Pump Absorption in Tandem-Pumped Octagon Double-Clad Fibers","2021","IEEE Photonics Journal","13","2","9360441","","","","13","10.1109/JPHOT.2021.3060857","https://www.scopus.com/inward/record.uri?eid=2-s2.0-85101780051&doi=10.1109%2fJPHOT.2021.3060857&partnerID=40&md5=61016e2c4be2a3186b82bb56cceb36d2","Article","Final","All Open Access; Gold Open Access; Green Open Access","Scopus","2-s2.0-85101780051"
"Nithyanandan K.; Porsezian K.","Nithyanandan, K. (36246432800); Porsezian, K. (35561975500)","36246432800; 35561975500","A novel power play in the supercontinuum generation induced by modulational instability in saturable nonlinear media","2014","Frontiers in Optics, FiO 2014","","","","","","","0","10.1364/fio.2014.fw4d.7","https://www.scopus.com/inward/record.uri?eid=2-s2.0-85088769145&doi=10.1364%2ffio.2014.fw4d.7&partnerID=40&md5=962f9afcee52e6ebc2e81c5d907cc560","Conference paper","Final","","Scopus","2-s2.0-85088769145"
"Shafeeque Ali A.K.; Nithyanandan K.; Porsezian K.; Maimistov A.I.","Shafeeque Ali, A.K. (56401131700); Nithyanandan, K. (36246432800); Porsezian, K. (35561975500); Maimistov, Andrei I. (7004367032)","56401131700; 36246432800; 35561975500; 7004367032","Modulation instability in a triangular three-core coupler with a negative-index material channel","2016","Journal of Optics (United Kingdom)","18","3","035102","","","","28","10.1088/2040-8978/18/3/035102","https://www.scopus.com/inward/record.uri?eid=2-s2.0-84961905708&doi=10.1088%2f2040-8978%2f18%2f3%2f035102&partnerID=40&md5=906eab564a9c8713bc1670d539c1ae75","Article","Final","","Scopus","2-s2.0-84961905708"
"Triki H.; Porsezian K.; Senthilnathan K.; Nithyanandan K.","Triki, H. (56259534300); Porsezian, K. (35561975500); Senthilnathan, K. (6603370481); Nithyanandan, K. (36246432800)","56259534300; 35561975500; 6603370481; 36246432800","Chirped self-similar solitary waves for the generalized nonlinear Schrödinger equation with distributed two-power-law nonlinearities","2019","Physical Review E","100","4","042208","","","","13","10.1103/PhysRevE.100.042208","https://www.scopus.com/inward/record.uri?eid=2-s2.0-85073826541&doi=10.1103%2fPhysRevE.100.042208&partnerID=40&md5=66c30a271ba6f5a7352f4345c4bff3c9","Article","Final","","Scopus","2-s2.0-85073826541"
"Nithyanandan K.; Raja R.V.J.; Porsezian K.","Nithyanandan, K. (36246432800); Raja, R. Vasantha Jayakantha (25637567000); Porsezian, K. (35561975500)","36246432800; 25637567000; 35561975500","Theoretical investigation of modulational instability in semiconductor doped dispersion decreasing fiber and its cutting edge over the existing fiber systems","2013","Journal of the Optical Society of America B: Optical Physics","30","1","","178","187","9","27","10.1364/JOSAB.30.000178","https://www.scopus.com/inward/record.uri?eid=2-s2.0-84871798117&doi=10.1364%2fJOSAB.30.000178&partnerID=40&md5=8d0fecaee7294771c5be5bd7f84e3789","Article","Final","","Scopus","2-s2.0-84871798117"
"Soni K.; Kanagaraj N.","Soni, Khushboo (59515927400); Kanagaraj, Nithyanandan (36246432800)","59515927400; 36246432800","Adaptive Beam Steering in Coherent Beam Combining Systems Using Adagrad Optimization for Precision Applications","2025","LEOS Summer Topical Meeting","","","","","","","0","10.1109/SUM65312.2025.11121794","https://www.scopus.com/inward/record.uri?eid=2-s2.0-105015985315&doi=10.1109%2fSUM65312.2025.11121794&partnerID=40&md5=ea8a8e8784e72f0bb884d5f70b4073b3","Conference paper","Final","","Scopus","2-s2.0-105015985315"
"Nithyanandan K.; Porsezian K.","Nithyanandan, K. (36246432800); Porsezian, K. (35561975500)","36246432800; 35561975500","A study on super continuum generation in exponential type saturable nonlinearity","2014","JSAP-OSA Joint Symposia, JSAP 2014","","","","","","","0","10.1364/jsap.2014.17p_c4_9","https://www.scopus.com/inward/record.uri?eid=2-s2.0-85088770281&doi=10.1364%2fjsap.2014.17p_c4_9&partnerID=40&md5=519046ad3e499b552bd80dddb5930214","Conference paper","Final","","Scopus","2-s2.0-85088770281"
"Triki H.; Jose A.; Nithyanandan K.","Triki, Houria (56259534300); Jose, Amala (57887456500); Nithyanandan, K. (36246432800)","56259534300; 57887456500; 36246432800","Chirped self-similar localized pulses on a continuous wave background in presence of cubic–quintic nonlinearity and self-frequency shift","2022","Optik","270","","169876","","","","3","10.1016/j.ijleo.2022.169876","https://www.scopus.com/inward/record.uri?eid=2-s2.0-85137881826&doi=10.1016%2fj.ijleo.2022.169876&partnerID=40&md5=f8b0f24a1e3aab68f2768384e0c6a819","Article","Final","","Scopus","2-s2.0-85137881826"
"Theodosiou A.; Aubrecht J.; Kanagaraj N.; Peterka P.; Kalli K.; Kašík I.; Honzátko P.","Theodosiou, Antreas (56541357000); Aubrecht, Jan (22978680900); Kanagaraj, Nithyanandan (36246432800); Peterka, Pavel (6602769922); Kalli, Kyriacos (7004133189); Kašík, Ivan (7004504748); Honzátko, Pavel (6602116389)","56541357000; 22978680900; 36246432800; 6602769922; 7004133189; 7004504748; 6602116389","All-fiber mode-locked thulium doped fiber laser using a novel femtosecond laser inscribed 450 tilted fiber grating","2019","Optics InfoBase Conference Papers","Part F140-CLEO_Europe 2019","","2019-cf_p_28","","","","0","","https://www.scopus.com/inward/record.uri?eid=2-s2.0-85084560189&partnerID=40&md5=7baa8e3fe704f46125ab6b7af6b5b5c7","Conference paper","Final","","Scopus","2-s2.0-85084560189"
"Kumar M.; Porsezian K.; Nithyanandan K.","Kumar, Monisha (57195633542); Porsezian, K. (35561975500); Nithyanandan, K. (36246432800)","57195633542; 35561975500; 36246432800","Dispersion relations and band gaps in wave number or frequency in the linear and nonlinear regimes for a coupled system with no paraxial approximation","2018","AIP Conference Proceedings","1942","","110053","","","","1","10.1063/1.5029036","https://www.scopus.com/inward/record.uri?eid=2-s2.0-85045767671&doi=10.1063%2f1.5029036&partnerID=40&md5=30f66db36c6acd2d50fd9b439e02ade2","Conference paper","Final","","Scopus","2-s2.0-85045767671"
"Nithyanandan K.; Uthayakumar T.; Porsezian K.; Raja R.V.J.","Nithyanandan, K. (36246432800); Uthayakumar, T. (35362713600); Porsezian, K. (35561975500); Raja, R. Vasantha Jayakantha (25637567000)","36246432800; 35362713600; 35561975500; 25637567000","Observation of two state behavior in the Instability induced Supercontinuum Generation of exponential saturable nonlinearity","2014","WRAP 2013 - Workshop on Recent Advances in Photonics","","","6917695","","","","0","10.1109/WRAP.2013.6917695","https://www.scopus.com/inward/record.uri?eid=2-s2.0-84910045314&doi=10.1109%2fWRAP.2013.6917695&partnerID=40&md5=005b3291da8cbb5a41e9482a5fd94cc9","Conference paper","Final","","Scopus","2-s2.0-84910045314"
"Bosch V.D.; Djevarhidjian L.; Schnebelin C.; Nithyanandan K.; Kassi S.; Mejean G.; Romanini D.; De Chatellus H.G.","Bosch, V. Duran (57203654081); Djevarhidjian, L. (57202733578); Schnebelin, C. (56347323200); Nithyanandan, K. (36246432800); Kassi, S. (6602332937); Mejean, G. (6602982434); Romanini, D. (7004166308); De Chatellus, H. Guillet (24072741200)","57203654081; 57202733578; 56347323200; 36246432800; 6602332937; 6602982434; 7004166308; 24072741200","Self-heterodyne and dual-comb spectroscopy using acousto-optic frequency combs","2018","2018 Conference on Lasers and Electro-Optics, CLEO 2018 - Proceedings","","","8426311","","","","0","","https://www.scopus.com/inward/record.uri?eid=2-s2.0-85052575571&partnerID=40&md5=bb4465906c6012dcb107e26887564258","Conference paper","Final","","Scopus","2-s2.0-85052575571"
"Meena P.; Sudharsan J.B.; Kanagaraj N.","Meena, Pratiksha (60230515100); Sudharsan, J.B. (55817606300); Kanagaraj, Nithyanandan (36246432800)","60230515100; 55817606300; 36246432800","Tailoring spin-polarized properties of HfFeX (X = Sn, Ge) half-Heusler alloys for spintronic and optoelectronic applications via DFT","2026","Journal of Physics and Chemistry of Solids","213","","113574","","","","1","10.1016/j.jpcs.2026.113574","https://www.scopus.com/inward/record.uri?eid=2-s2.0-105029628774&doi=10.1016%2fj.jpcs.2026.113574&partnerID=40&md5=c3a11b2f19d2a4cdc71beba2c6753fa5","Article","Final","","Scopus","2-s2.0-105029628774"
"Todorov F.; Aubrecht J.; Peterka P.; Schreiber O.; Jasim A.A.; Mrázek J.; Podrazký O.; Kamrádek M.; Kanagaraj N.; Grábner M.; Baravets Y.; Cajzl J.; Koška P.; Fišar A.; Kašík I.; Honzátko P.","Todorov, Filip (12345187800); Aubrecht, Jan (22978680900); Peterka, Pavel (6602769922); Schreiber, Ondřej (57219924114); Jasim, Ali A. (57212397480); Mrázek, Jan (57204821705); Podrazký, Ondřej (22981226900); Kamrádek, Michal (55578827600); Kanagaraj, Nithyanandan (36246432800); Grábner, Martin (16024255800); Baravets, Yauhen (55767669600); Cajzl, Jakub (54384782700); Koška, Pavel (55644355900); Fišar, Adam (57219926942); Kašík, Ivan (7004504748); Honzátko, Pavel (6602116389)","12345187800; 22978680900; 6602769922; 57219924114; 57212397480; 57204821705; 22981226900; 55578827600; 36246432800; 16024255800; 55767669600; 54384782700; 55644355900; 57219926942; 7004504748; 6602116389","Active optical fibers and components for fiber lasers emitting in the 2-µm spectral range","2020","Materials","13","22","5177","1","15","14","65","10.3390/ma13225177","https://www.scopus.com/inward/record.uri?eid=2-s2.0-85096144210&doi=10.3390%2fma13225177&partnerID=40&md5=9bba31d8c2962697b807e705e2c3e1b0","Article","Final","All Open Access; Gold Open Access; Green Open Access","Scopus","2-s2.0-85096144210"
"Porsezian K.; Ali A.K.S.; Nithyanandan K.","Porsezian, K. (35561975500); Ali, A K Shafeeque (56401131700); Nithyanandan, K. (36246432800)","35561975500; 56401131700; 36246432800","A theoretical study on threshold conditions of modulation instability in oppositely directed couplers","2016","Journal of Optics (United Kingdom)","18","12","125502","","","","11","10.1088/2040-8978/18/12/125502","https://www.scopus.com/inward/record.uri?eid=2-s2.0-85009982967&doi=10.1088%2f2040-8978%2f18%2f12%2f125502&partnerID=40&md5=9e42b593166f9cc0f02815710a41a477","Article","Final","","Scopus","2-s2.0-85009982967"
"Porsezian K.; Nithyanandan K.; Vasantha Jayakantha Raja R.; Ganapathy R.","Porsezian, K. (35561975500); Nithyanandan, K. (36246432800); Vasantha Jayakantha Raja, R. (25637567000); Ganapathy, R. (57095649200)","35561975500; 36246432800; 25637567000; 57095649200","A theoretical investigation of soliton induced supercontinuum generation in liquid core photonic crystal fiber and dual core optical fiber","2013","European Physical Journal: Special Topics","222","3-4","","625","640","15","1","10.1140/epjst/e2013-01868-1","https://www.scopus.com/inward/record.uri?eid=2-s2.0-84880100230&doi=10.1140%2fepjst%2fe2013-01868-1&partnerID=40&md5=17b82f52621016a1652f6ec6877978fa","Article","Final","","Scopus","2-s2.0-84880100230"
"Nithyanandan K.; Ali A.K.S.; Dinda P.T.; Grelu P.","Nithyanandan, K. (36246432800); Ali, A.K. Shafeeque (57213370286); Dinda, P.T. (6604078297); Grelu, Ph. (6602757933)","36246432800; 57213370286; 6604078297; 6602757933","Bistability in oppositely directed coupler with negative index material channel","2018","Optics InfoBase Conference Papers","Part F98-BGPPM 2018","","","","","2","0","10.1364/BGPPM.2018.JTu5A.59","https://www.scopus.com/inward/record.uri?eid=2-s2.0-85051271374&doi=10.1364%2fBGPPM.2018.JTu5A.59&partnerID=40&md5=b39e88860458e47ea83aadd1d362d892","Conference paper","Final","","Scopus","2-s2.0-85051271374"
"Nithyanandan K.; Raja R.V.J.; Uthayakumar T.; Porsezian K.","Nithyanandan, K. (36246432800); Raja, R. Vasantha Jayakantha (25637567000); Uthayakumar, T. (35362713600); Porsezian, K. (35561975500)","36246432800; 25637567000; 35362713600; 35561975500","Impact of higher-order dispersion in the modulational instability spectrum of a relaxing coupled saturable media","2014","Pramana - Journal of Physics","82","2","","339","345","6","11","10.1007/s12043-014-0687-8","https://www.scopus.com/inward/record.uri?eid=2-s2.0-84896260625&doi=10.1007%2fs12043-014-0687-8&partnerID=40&md5=59f4b87600eaf5c367eb0d0195c7c313","Conference paper","Final","","Scopus","2-s2.0-84896260625"
"Wang Z.Q.; Nithyanandan K.; Coillet A.; Tchofo-Dinda P.; Grelu P.","Wang, Z.Q. (57212119488); Nithyanandan, K. (36246432800); Coillet, A. (26530475400); Tchofo-Dinda, P. (6604078297); Grelu, Ph. (6602757933)","57212119488; 36246432800; 26530475400; 6604078297; 6602757933","Optical soliton molecular complexes in a passively mode-locked fibre laser","2019","Nature Communications ","10","1","830","","","","330","10.1038/s41467-019-08755-4","https://www.scopus.com/inward/record.uri?eid=2-s2.0-85061869309&doi=10.1038%2fs41467-019-08755-4&partnerID=40&md5=7ff77e54a0a21a3b246478666805c353","Article","Final","All Open Access; Gold Open Access; Green Open Access","Scopus","2-s2.0-85061869309"
"Kumar M.; Nithyanandan K.; Triki H.; Porsezian K.","Kumar, Monisha (57195633542); Nithyanandan, K. (36246432800); Triki, Houria (56259534300); Porsezian, K. (35561975500)","57195633542; 36246432800; 56259534300; 35561975500","Instabilities and solitons in systems with spatio-temporal dispersions and non paraxial approximations","2019","Optik","182","","","1120","1130","10","6","10.1016/j.ijleo.2019.02.017","https://www.scopus.com/inward/record.uri?eid=2-s2.0-85061559908&doi=10.1016%2fj.ijleo.2019.02.017&partnerID=40&md5=16b9c0960f5f5d9a0238d54d396cc518","Article","Final","All Open Access; Bronze Open Access","Scopus","2-s2.0-85061559908"
"Nithyanandan K.; Porsezian K.","Nithyanandan, K. (36246432800); Porsezian, K. (35561975500)","36246432800; 35561975500","Co-propagation of two optical fields in a semiconductor doped dispersion decreasing fiber and modulational instability induced by cross-phase modulation","2016","Laser Physics","26","1","015401","","","","5","10.1088/1054-660X/26/1/015401","https://www.scopus.com/inward/record.uri?eid=2-s2.0-84952334105&doi=10.1088%2f1054-660X%2f26%2f1%2f015401&partnerID=40&md5=cc3eba63becf82f010c0472d22663ddb","Article","Final","","Scopus","2-s2.0-84952334105"
"Haines J.; Naik P.U.; Kanagaraj N.; Petropoulos P.; Guasoni M.","Haines, Jack (57211403650); Naik, Pooja U. (57987933900); Kanagaraj, Nithyanandan (36246432800); Petropoulos, Periklis (7004549449); Guasoni, Massimiliano (25649404500)","57211403650; 57987933900; 36246432800; 7004549449; 25649404500","Compact integrated 1 x N polarization-insensitive optical power splitters via waveguide arrays","2025","Optics Letters","50","17","","5278","5281","3","1","10.1364/OL.565981","https://www.scopus.com/inward/record.uri?eid=2-s2.0-105014212453&doi=10.1364%2fOL.565981&partnerID=40&md5=d2dc70ee83b4067af84582928cbd9d60","Article","Final","All Open Access; Hybrid Gold Open Access","Scopus","2-s2.0-105014212453"
"Jacob B.; Natesan Y.; Naik P.U.; Veluthandath A.V.; Guasoni M.; Kanagaraj N.","Jacob, Bharathy (60121650100); Natesan, Yogesh (60285373200); Naik, Pooja Uday (57987933900); Veluthandath, Aneesh Vincent (58266296900); Guasoni, Massimiliano (25649404500); Kanagaraj, Nithyanandan (36246432800)","60121650100; 60285373200; 57987933900; 58266296900; 25649404500; 36246432800","Polarization-dependent cylindrical vector vortex beams and optical skyrmion generation using all-dielectric chiral metasurfaces","2025","Physical Review A","112","5","053521","","","","2","10.1103/78yk-6s64","https://www.scopus.com/inward/record.uri?eid=2-s2.0-105026751378&doi=10.1103%2f78yk-6s64&partnerID=40&md5=78fefab1a3a794ece791051fa4051c02","Article","Final","","Scopus","2-s2.0-105026751378"
"Nithyanandan K.","Nithyanandan, K. (36246432800)","36246432800","Multistability in directional coupler with negative index material channel","2018","Optics InfoBase Conference Papers","Part F125-JSAP 2018","","","","","","0","","https://www.scopus.com/inward/record.uri?eid=2-s2.0-85065892673&partnerID=40&md5=568b527d761b944c06c9c6329c9911bb","Conference paper","Final","","Scopus","2-s2.0-85065892673"
"Nithyanandan K.; Sharafali A.","Nithyanandan, K. (36246432800); Sharafali, A. (56367906600)","36246432800; 56367906600","Pulse compression in defective core photonic crystal fiber","2019","Proceedings of SPIE - The International Society for Optical Engineering","11029","","110290M","","","","0","10.1117/12.2522280","https://www.scopus.com/inward/record.uri?eid=2-s2.0-85071984116&doi=10.1117%2f12.2522280&partnerID=40&md5=8073d441316d0c6fa2264c8013fde6dd","Conference paper","Final","","Scopus","2-s2.0-85071984116"
"Nithyanandan K.; Djevarhidjian L.; Duran V.; Schnébelin C.; Guillet de Chatellus H.","Nithyanandan, K. (36246432800); Djevarhidjian, L. (57202733578); Duran, V. (7004082718); Schnébelin, C. (56347323200); Guillet de Chatellus, H. (24072741200)","36246432800; 57202733578; 7004082718; 56347323200; 24072741200","Optimization of acousto-optic frequency combs","2019","Optics InfoBase Conference Papers","Part F143-EQEC 2019","","2019-ed_p_10","","","","0","","https://www.scopus.com/inward/record.uri?eid=2-s2.0-85084604096&partnerID=40&md5=b626a4f88f698efac682fbd0e5785e3a","Conference paper","Final","","Scopus","2-s2.0-85084604096"
"Jacob B.; Kanagaraj N.","Jacob, Bharathy (60121650100); Kanagaraj, Nithyanandan (36246432800)","60121650100; 36246432800","Polarization-Dependent Optical Switching and Complex Cylindrical Vector Beam Generation Using an All-Dielectric Chiral Metasurface","2025","Integrated Photonics Research, Silicon and Nanophotonics - Proceedings Advanced Photonics Congress - Part of Optica Advanced Photonics Congress 2025","","","","","","","0","10.1364/IPRSN.2025.JTu3A.7","https://www.scopus.com/inward/record.uri?eid=2-s2.0-105032046233&doi=10.1364%2fIPRSN.2025.JTu3A.7&partnerID=40&md5=37f4f9220dc51f3513fb640829e6bbc0","Conference paper","Final","","Scopus","2-s2.0-105032046233"
"Nithyanandan K.; Porsezian K.","Nithyanandan, K. (36246432800); Porsezian, K. (35561975500)","36246432800; 35561975500","A Theoretical Observation of Novel Power Play in the Supercontinuum Spectra of Exponential Saturable Nonlinear Media","2015","Nonlinear Optics, NLO 2015","","","NW4A.1","","","","0","10.1364/NLO.2015.NW4A.1","https://www.scopus.com/inward/record.uri?eid=2-s2.0-84945904757&doi=10.1364%2fNLO.2015.NW4A.1&partnerID=40&md5=8a85c9b06fbe0937aa841e2473539385","Conference paper","Final","","Scopus","2-s2.0-84945904757"
"Nithyanandan K.; Porsezian K.","Nithyanandan, K. (36246432800); Porsezian, K. (35561975500)","36246432800; 35561975500","A Unique Observation of Power Play in the Instability Induced Supercontinuum Generation in Saturable Nonlinear Media","2015","Optics InfoBase Conference Papers","","","JW2A.51","","","","0","","https://www.scopus.com/inward/record.uri?eid=2-s2.0-85136205410&partnerID=40&md5=c4d352d732bb90facac710c0060de46d","Conference paper","Final","","Scopus","2-s2.0-85136205410"
"Nithyanandan K.; Porsezian K.","Nithyanandan, K. (36246432800); Porsezian, K. (35561975500)","36246432800; 35561975500","Interplay between relaxation of nonlinear response and coupling coefficient dispersion in the instability spectra of dual core optical fiber","2013","Optics Communications","303","","","46","55","9","22","10.1016/j.optcom.2013.04.018","https://www.scopus.com/inward/record.uri?eid=2-s2.0-84877770752&doi=10.1016%2fj.optcom.2013.04.018&partnerID=40&md5=bc6a10ba54d7893289ed8e0c36ea3384","Article","Final","","Scopus","2-s2.0-84877770752"
"Grábner M.; Nithyanandan K.; Peterka P.; Koška P.; Honzátko P.; Jasim A.A.","Grábner, Martin (16024255800); Nithyanandan, Kanagaraj (36246432800); Peterka, Pavel (6602769922); Koška, Pavel (55644355900); Honzátko, Pavel (6602116389); Jasim, Ali A. (57212397480)","16024255800; 36246432800; 6602769922; 55644355900; 6602116389; 57212397480","Numerical modelling of pump absorption in coiled and twisted double-clad fiber: A prospect for tandem pumped fiber laser","2020","Proceedings of SPIE - The International Society for Optical Engineering","11355","","113550W","","","","3","10.1117/12.2557230","https://www.scopus.com/inward/record.uri?eid=2-s2.0-85085176476&doi=10.1117%2f12.2557230&partnerID=40&md5=7f2795e9ed5f2346f00404c5e3458948","Conference paper","Final","","Scopus","2-s2.0-85085176476"
"Nithyanandan K.; Porsezian K.","Nithyanandan, K. (36246432800); Porsezian, K. (35561975500)","36246432800; 35561975500","A novel behavior of pump power in the instability induced supercontinuum generation of saturable nonlinear media","2015","Journal of Physics: Conference Series","605","1","012031","","","","0","10.1088/1742-6596/605/1/012031","https://www.scopus.com/inward/record.uri?eid=2-s2.0-84929492893&doi=10.1088%2f1742-6596%2f605%2f1%2f012031&partnerID=40&md5=6d370feb9f47e295f9c1d548ce5ee2d6","Conference paper","Final","All Open Access; Gold Open Access","Scopus","2-s2.0-84929492893"
"Nithyanandan K.; Porsezian K.","Nithyanandan, K. (36246432800); Porsezian, K. (35561975500)","36246432800; 35561975500","A Theoretical Investigation on Supercontinuum Generation in Saturable Optical Nonlinear Media","2016","Optics InfoBase Conference Papers","","","16a-C301-9","","","","0","","https://www.scopus.com/inward/record.uri?eid=2-s2.0-85136294445&partnerID=40&md5=13d4db29180d18ec80b686f161e1fb62","Conference paper","Final","","Scopus","2-s2.0-85136294445"
"Thomas A.D.; Soni K.; Nithyanadan K.","Thomas, Akash Dominic (59329882200); Soni, Khushboo (59515927400); Nithyanadan, K. (36246432800)","59329882200; 59515927400; 36246432800","Physics Based Phase Control in Coherent Beam Combining Systems","2025","Journal of Lightwave Technology","43","2","","824","831","7","3","10.1109/JLT.2024.3457852","https://www.scopus.com/inward/record.uri?eid=2-s2.0-85204156573&doi=10.1109%2fJLT.2024.3457852&partnerID=40&md5=0f273a5b6c2050fdc036d2a10b3a778b","Article","Final","","Scopus","2-s2.0-85204156573"
"Jose A.; Kanagaraj N.","Jose, Amala (57887456500); Kanagaraj, Nithyanandan (36246432800)","57887456500; 36246432800","A Comparative Study on the Effect of Dispersion in Noise-Like Pulse Pumped Supercontinuum Generation","2024","Lecture Notes in Electrical Engineering","1225 LNEE","","","219","229","10","0","10.1007/978-981-97-4884-6_26","https://www.scopus.com/inward/record.uri?eid=2-s2.0-85210889832&doi=10.1007%2f978-981-97-4884-6_26&partnerID=40&md5=09736aded173d2c0d76dea1ec8e7ad44","Conference paper","Final","","Scopus","2-s2.0-85210889832"
"Nithyanandan K.; Raja R.V.J.; Uthayakumar T.; Porsezian K.","Nithyanandan, K. (36246432800); Raja, R. Vasantha Jayakantha (25637567000); Uthayakumar, T. (35362713600); Porsezian, K. (35561975500)","36246432800; 25637567000; 35362713600; 35561975500","Interplay between saturation and relaxation of nonlinear response in the modulational instability of various nonlinear media","2012","2012 International Conference on Optical Engineering, ICOE 2012","","","6409578","","","","1","10.1109/ICOE.2012.6409578","https://www.scopus.com/inward/record.uri?eid=2-s2.0-84873972339&doi=10.1109%2fICOE.2012.6409578&partnerID=40&md5=63680576a57218bf4e071e552e5a5465","Conference paper","Final","","Scopus","2-s2.0-84873972339"
"Porsezian K.; Nithyanandan K.; Vasantha Jayakantha Raja R.; Shukla P.K.","Porsezian, K. (35561975500); Nithyanandan, K. (36246432800); Vasantha Jayakantha Raja, R. (25637567000); Shukla, P.K. (36621402100)","35561975500; 36246432800; 25637567000; 36621402100","Modulational instability at the proximity of zero dispersion wavelength in the relaxing saturable nonlinear system","2012","Journal of the Optical Society of America B: Optical Physics","29","10","","2803","2813","10","29","10.1364/JOSAB.29.002803","https://www.scopus.com/inward/record.uri?eid=2-s2.0-84867542196&doi=10.1364%2fJOSAB.29.002803&partnerID=40&md5=a106fbe8b67fb0cbee56f9077dc79aa6","Article","Final","","Scopus","2-s2.0-84867542196"
"Raja R.V.J.; Nithyanandan K.; Uthayakumar T.; Porsezian K.","Raja, R. Vasantha Jayakantha (25637567000); Nithyanandan, K. (36246432800); Uthayakumar, T. (35362713600); Porsezian, K. (35561975500)","25637567000; 36246432800; 35362713600; 35561975500","Influence of Material Absorption on Supercontinuum Generation in Photonic Crystal Fibers","2012","Optics InfoBase Conference Papers","","","WPo.2","","","","0","","https://www.scopus.com/inward/record.uri?eid=2-s2.0-85136267465&partnerID=40&md5=0521a711c048e5507e02e0f8bfeb114a","Conference paper","Final","","Scopus","2-s2.0-85136267465"
"Nithyanandan K.; Vasantha Jayakantha Raja R.; Porsezian K.; Uthayakumar T.","Nithyanandan, K. (36246432800); Vasantha Jayakantha Raja, R. (25637567000); Porsezian, K. (35561975500); Uthayakumar, T. (35362713600)","36246432800; 25637567000; 35561975500; 35362713600","A colloquium on the influence of versatile class of saturable nonlinear responses in the instability induced supercontinuum generation","2013","Optical Fiber Technology","19","4","","348","358","10","26","10.1016/j.yofte.2013.04.002","https://www.scopus.com/inward/record.uri?eid=2-s2.0-84878263750&doi=10.1016%2fj.yofte.2013.04.002&partnerID=40&md5=5b00e41c5f82d325b748dd122e24d80e","Article","Final","","Scopus","2-s2.0-84878263750"
"Uthayakumar T.; Vasantha Jayakantha Raja R.; Nithyanandan K.; Porsezian K.","Uthayakumar, T. (35362713600); Vasantha Jayakantha Raja, R. (25637567000); Nithyanandan, K. (36246432800); Porsezian, K. (35561975500)","35362713600; 25637567000; 36246432800; 35561975500","Designing a class of asymmetric twin core photonic crystal fibers for switching and multi-frequency generation","2013","Optical Fiber Technology","19","6 PART A","","556","564","8","15","10.1016/j.yofte.2013.08.010","https://www.scopus.com/inward/record.uri?eid=2-s2.0-84888350411&doi=10.1016%2fj.yofte.2013.08.010&partnerID=40&md5=8bc6e97a439052b6ba429f6f8dba5c17","Article","Final","","Scopus","2-s2.0-84888350411"
"Nithyanandan K.; Raja R.V.J.; Uthayakumar T.; Porsezian K.","Nithyanandan, K. (36246432800); Raja, R. Vasantha Jayakantha (25637567000); Uthayakumar, T. (35362713600); Porsezian, K. (35561975500)","36246432800; 25637567000; 35362713600; 35561975500","A Unique Behavior of Pump power in the Modulational Instability Spectra of Saturable Nonlinear Media","2012","Optics InfoBase Conference Papers","","","WPo.4","","","","0","","https://www.scopus.com/inward/record.uri?eid=2-s2.0-85136294813&partnerID=40&md5=797c635f90a812b3042ab523abe3966b","Conference paper","Final","","Scopus","2-s2.0-85136294813"
"Nithyanandan K.; Raja R.V.J.; Uthayakumar T.; Porsezian K.","Nithyanandan, K. (36246432800); Raja, R. Vasantha Jayakantha (25637567000); Uthayakumar, T. (35362713600); Porsezian, K. (35561975500)","36246432800; 25637567000; 35362713600; 35561975500","A unique behavior of pump power in the modulational instability spectra of saturable nonlinear media","2012","2012 International Conference on Fiber Optics and Photonics, PHOTONICS 2012","","","6545838","","","","0","","https://www.scopus.com/inward/record.uri?eid=2-s2.0-84881131530&partnerID=40&md5=32d5ac344afaa4ee67e0617a261cf847","Conference paper","Final","","Scopus","2-s2.0-84881131530"
"Uthayakumar T.; Raja R.V.J.; Nithyanandan K.; Porsezian K.","Uthayakumar, T. (35362713600); Raja, R. Vasantha Jayakantha (25637567000); Nithyanandan, K. (36246432800); Porsezian, K. (35561975500)","35362713600; 25637567000; 36246432800; 35561975500","Investigation of optical pulse coupling through the nitrobenzene filled photonic crystal fiber coupler-A projection operator approach","2012","2012 International Conference on Optical Engineering, ICOE 2012","","","6409580","","","","0","10.1109/ICOE.2012.6409580","https://www.scopus.com/inward/record.uri?eid=2-s2.0-84873957571&doi=10.1109%2fICOE.2012.6409580&partnerID=40&md5=e00a5d52447bf8201cf6b94dbb9cd182","Conference paper","Final","","Scopus","2-s2.0-84873957571"
"Raja R.V.J.; Nithyanandan K.; Uthayakumar T.; Porsezian K.","Raja, R. Vasantha Jayakantha (25637567000); Nithyanandan, K. (36246432800); Uthayakumar, T. (35362713600); Porsezian, K. (35561975500)","25637567000; 36246432800; 35362713600; 35561975500","Influence of material absorption on supercontinuum generation in photonic crystal fibers","2012","2012 International Conference on Fiber Optics and Photonics, PHOTONICS 2012","","","6545816","","","","1","","https://www.scopus.com/inward/record.uri?eid=2-s2.0-84881157407&partnerID=40&md5=0498f23872d0d9e81f600b3b537a8f18","Conference paper","Final","","Scopus","2-s2.0-84881157407"
"Nithyanandan K.; Raja R.V.J.; Uthayakumar T.; Porsezian K.","Nithyanandan, K. (36246432800); Raja, R. Vasantha Jayakantha (25637567000); Uthayakumar, T. (35362713600); Porsezian, K. (35561975500)","36246432800; 25637567000; 35362713600; 35561975500","Impact of dispersion profile on modulational instability in dispersion decreasing fiber","2012","2012 International Conference on Fiber Optics and Photonics, PHOTONICS 2012","","","6545805","","","","0","","https://www.scopus.com/inward/record.uri?eid=2-s2.0-84881124300&partnerID=40&md5=4b94d148eeb9b418e0e352e884a9e60e","Conference paper","Final","","Scopus","2-s2.0-84881124300"
"Nithyanandan K.; Raja R.V.J.; Uthayakumar T.; Porsezian K.","Nithyanandan, K. (36246432800); Raja, R. Vasantha Jayakantha (25637567000); Uthayakumar, T. (35362713600); Porsezian, K. (35561975500)","36246432800; 25637567000; 35362713600; 35561975500","Impact of Dispersion Profile on Modulational Instability in Dispersion Decreasing Fiber","2012","Optics InfoBase Conference Papers","","","WPo.1","","","","0","","https://www.scopus.com/inward/record.uri?eid=2-s2.0-85136316057&partnerID=40&md5=4f6ebefc4e0ec8b800c121f267717a58","Conference paper","Final","","Scopus","2-s2.0-85136316057"
"Nithyanandan K.; Raja R.V.J.; Porsezian K.; Kalithasan B.","Nithyanandan, K. (36246432800); Raja, R. Vasantha Jayakantha (25637567000); Porsezian, K. (35561975500); Kalithasan, B. (14035968000)","36246432800; 25637567000; 35561975500; 14035968000","Modulational instability with higher-order dispersion and walk-off in Kerr media with cross-phase modulation","2012","Physical Review A - Atomic, Molecular, and Optical Physics","86","2","023827","","","","49","10.1103/PhysRevA.86.023827","https://www.scopus.com/inward/record.uri?eid=2-s2.0-84865214416&doi=10.1103%2fPhysRevA.86.023827&partnerID=40&md5=bad25c44308435e4b894a877d3824590","Article","Final","","Scopus","2-s2.0-84865214416"
"Raja R.V.J.; Porsezian K.; Nithyanandan K.","Raja, R. Vasantha Jayakantha (25637567000); Porsezian, K. (35561975500); Nithyanandan, K. (36246432800)","25637567000; 35561975500; 36246432800","Modulational-instability-induced supercontinuum generation with saturable nonlinear response","2010","Physical Review A - Atomic, Molecular, and Optical Physics","82","1","013825","","","","79","10.1103/PhysRevA.82.013825","https://www.scopus.com/inward/record.uri?eid=2-s2.0-77954946273&doi=10.1103%2fPhysRevA.82.013825&partnerID=40&md5=6f5bcf1db3d79fbe639a39b69eb0162d","Article","Final","","Scopus","2-s2.0-77954946273"